{
  "T01_Login" : {
    "transaction" : "T01_Login",
    "sampleCount" : 2955,
    "errorCount" : 0,
    "errorPct" : 0.0,
    "meanResTime" : 4596.519458544835,
    "medianResTime" : 4820.0,
    "minResTime" : 532.0,
    "maxResTime" : 8596.0,
    "pct1ResTime" : 6305.0,
    "pct2ResTime" : 6704.0,
    "pct3ResTime" : 7560.200000000001,
    "throughput" : 9.791155157503404,
    "receivedKBytesPerSec" : 67.43043643639228,
    "sentKBytesPerSec" : 5.862762842193417
  },
  "GET Login Page" : {
    "transaction" : "GET Login Page",
    "sampleCount" : 2955,
    "errorCount" : 0,
    "errorPct" : 0.0,
    "meanResTime" : 888.3566835871397,
    "medianResTime" : 927.0,
    "minResTime" : 96.0,
    "maxResTime" : 2382.0,
    "pct1ResTime" : 1316.0,
    "pct2ResTime" : 1476.7999999999993,
    "pct3ResTime" : 1791.5200000000004,
    "throughput" : 9.828116061569572,
    "receivedKBytesPerSec" : 47.61975768850526,
    "sentKBytesPerSec" : 1.5356431346202455
  },
  "Total" : {
    "transaction" : "Total",
    "sampleCount" : 5951,
    "errorCount" : 0,
    "errorPct" : 0.0,
    "meanResTime" : 2309.8578390186544,
    "medianResTime" : 1400.0,
    "minResTime" : 96.0,
    "maxResTime" : 7161.0,
    "pct1ResTime" : 4739.8,
    "pct2ResTime" : 5143.5999999999985,
    "pct3ResTime" : 5914.439999999999,
    "throughput" : 19.723846266025003,
    "receivedKBytesPerSec" : 68.53130820871283,
    "sentKBytesPerSec" : 5.950792197795278
  },
  "POST Validate Login" : {
    "transaction" : "POST Validate Login",
    "sampleCount" : 2946,
    "errorCount" : 0,
    "errorPct" : 0.0,
    "meanResTime" : 3719.4860828241654,
    "medianResTime" : 3923.0,
    "minResTime" : 430.0,
    "maxResTime" : 7161.0,
    "pct1ResTime" : 5146.6,
    "pct2ResTime" : 5463.3,
    "pct3ResTime" : 6220.480000000003,
    "throughput" : 9.803366954067931,
    "receivedKBytesPerSec" : 20.075840334648877,
    "sentKBytesPerSec" : 4.351552412947698
  }
}